provider_id,name,geography_level,province,dguid,population,population_year,portal_url,portal_license_name,portal_license_url,contact,notes
,Government of Newfoundland and Labrador,province,NL,,,,https://opendata.gov.nl.ca/,,,,
,Town of Happy Valley-Goose Bay,,NL,,,,https://portal-townhvgb.opendata.arcgis.com/,,,,
,Community Infrastructure Mapping System,,NL,,,,https://nlcims.ca/OpenData/,,,,
,Government of Prince Edward Island,province,PE,,,,https://data.princeedwardisland.ca/,,,,
,Town of Stratford,,PE,,,,https://www.townofstratford.ca/government/open_government/open_data_catalogue,,,,
,Government of Nova Scotia,province,NS,,,,https://data.novascotia.ca/,,,,
,Halifax Regional Municipality,,NS,,,,https://data-hrm.hub.arcgis.com/,,,,
,Cape Breton Regional Muncipality,,NS,,,,https://www.cbrm.ns.ca/open-data.html,,,,
,Town of Truro,,NS,,,,https://www.truro.ca/mapping-and-gis.html,,,,
,Municipality of East Hants,,NS,,,,https://www.easthants.ca/maps-and-data/,,,,
,Municipality of the County of Pictou,,NS,,,,https://mopc-pictoucounty.hub.arcgis.com/,,,,
,Municipality of the County of Cumberland,,NS,,,,https://data-cumberlandns.opendata.arcgis.com/,,,,
,Government of New Brunswick,,NB,,,,https://gnb.socrata.com/,,,,
,City of Fredericton,,NB,,,,https://data-fredericton.opendata.arcgis.com/,,,,
,City of Moncton,,NB,,,,https://open.moncton.ca/,,,,
,City of Saint John,,NB,,,,https://catalogue-saintjohn.opendata.arcgis.com/,,,,
,Ville d'Edmundston,,NB,,,,https://data-edmundston.opendata.arcgis.com/,,,,
,Government of Québec,province,QC,,,,https://www.donneesquebec.ca/,,,,
,MRC Bécancour,,QC,,,,https://www.donneesquebec.ca/organisation/mrc-becancour,,,,
,MRC de Nicolet-Yamaska,,QC,,,,https://www.donneesquebec.ca/organisation/mrc-de-nicolet-yamaska,,,,
,Ville de Blainville,,QC,,,,https://www.donneesquebec.ca/recherche/dataset/?organization=ville-de-blainville,,,,
,Ville de Drummondville,,QC,,,,https://donnees-vdrummondville.opendata.arcgis.com/search,,,,
,Ville de Gatineau,,QC,,,,https://www.gatineau.ca/portail/default.aspx?c=en-CA&p=publications_cartes_statistiques_donnees_ouvertes/donnees_ouvertes,,,,
,Ville de Laval,,QC,,,,https://www.donneesquebec.ca/recherche/dataset/?organization=ville-de-laval,,,,
,Ville de Lévis,,QC,,,,https://www.donneesquebec.ca/recherche/dataset/?organization=ville-de-levis,,,,
,Ville de Longueuil,,QC,,,,https://www.donneesquebec.ca/recherche/dataset/?organization=ville-de-longueuil,,,,
,Ville de Montréal,,QC,,,,https://donnees.montreal.ca/,,,,
,Ville de Québec,,QC,,,,https://www.donneesquebec.ca/organisation/ville-de-quebec/,,,,
,Ville de Repentigny,,QC,,,,https://www.donneesquebec.ca/recherche/dataset/?organization=ville-de-repentigny,,,,
,Ville de Rimouski,,QC,,,,https://www.donneesquebec.ca/organisation/ville-de-rimouski,,,,
,Ville de Rouyn-Noranda,,QC,,,,https://www.donneesquebec.ca/recherche/dataset/?organization=ville-de-rouyn-noranda,,,,
,Ville de Saguenay,,QC,,,,https://www.donneesquebec.ca/recherche/dataset/?organization=ville-de-saguenay,,,,
,Ville de Saint Hyacinthe,,QC,,,,https://www.donneesquebec.ca/recherche/dataset?q=&extras_organisation_principale=ville-de-saint-hyacinthe,,,,
,Ville de Saint-Jean-sur-Richelieu,,QC,,,,https://www.donneesquebec.ca/organisation/ville-de-saint-jean-sur-richelieu/,,,,
,Ville de Shawinigan,,QC,,,,https://www.donneesquebec.ca/recherche/dataset/?organization=ville-de-shawinigan,,,,
,Ville de Sherbrooke,,QC,,,,https://donneesouvertes-sherbrooke.opendata.arcgis.com/,,,,
,Ville de Trois-Rivières,,QC,,,,https://www.donneesquebec.ca/recherche/dataset/?organization=ville-de-trois-rivieres,,,,
,Ville de Victoriaville,,QC,,,,https://partage-victoriaville.opendata.arcgis.com,,,,
,Geospatial Ontario,province,ON,,,,https://geohub.lio.gov.on.ca/,,,,
,Government of Ontario,province,ON,,,,https://data.ontario.ca/,,,,
,Town of Ajax,,ON,,,,https://opendata.ajax.ca/,,,,
,Town of Aurora,,ON,,,,https://town-of-aurora-data-hub-aurora.hub.arcgis.com/,,,,
,City of Barrie,,ON,,,,https://opendata.barrie.ca/,,,,
,City of Barrie,,ON,,,,https://public-barrie.opendata.arcgis.com/,,,,
,City of Belleville,,ON,,,,https://opendata-bellevillegis.hub.arcgis.com/,,,,
,City of Brampton,,ON,,,,https://geohub.brampton.ca/pages/data,,,,
,County of Brant,,ON,,,,https://catalogue-brant.hub.arcgis.com/,,,,
,City of Brantford,,ON,,,,https://data-brantford.opendata.arcgis.com/,,,,
,County of Bruce,,ON,,,,https://bruce-county-open-spatial-data-brucecounty.hub.arcgis.com/,,,,
,City of Burlington,,ON,,,,https://navburl-burlington.opendata.arcgis.com/,,,,
,Town of Caledon,,ON,,,,https://data-caledon.opendata.arcgis.com/,,,,
,City of Cambridge,,ON,,,,https://geohub.cambridge.ca/,,,,
,Municipality of Chatham-Kent,,ON,,,,https://opendata-chatham-kent.opendata.arcgis.com/,,,,
,Town of Cobourg,,ON,,,,https://public-townofcobourg.hub.arcgis.com/,,,,
,City of Cornwall,,ON,,,,https://data-cornwallcity.opendata.arcgis.com/search,,,,
,Dufferin County,,ON,,,,https://data-dufferincounty.opendata.arcgis.com/,,,,
,Regional Municipality of Durham,,ON,,,,https://opendata.durham.ca/,,,,
,West Parry Sound Geography Network,,ON,,,,https://data-wpsgn.opendata.arcgis.com/,,,,
,County of Elgin,,ON,,,,https://elgin-county-open-data-elgin-county.hub.arcgis.com/,,,,
,County of Essex,,ON,,,,https://opendata.countyofessex.ca/,,,,
,County of Frontenac,,ON,,,,https://county-frontenac.hub.arcgis.com/,,,,
,City of Greater Sudbury,,ON,,,,https://opendata.greatersudbury.ca/,,,,
,Grey County,,ON,,,,https://maps.grey.ca/,,,,
,City of Guelph,,ON,,,,http://data.open.guelph.ca/,,,,
,City of Hamilton,,ON,,,,https://open.hamilton.ca/,,,,
,Haldimand County,,ON,,,,https://opendata-haldimand.hub.arcgis.com/,,,,
,County of Haliburton,,ON,,,,https://gis-haliburtoncounty-ca-halcty.hub.arcgis.com/,,,,
,County of Hastings,,ON,,,,https://county-hastings-gis.opendata.arcgis.com/,,,,
,Town of Huntsville,,ON,,,,https://huntsville-muskoka.opendata.arcgis.com/,,,,
,Huron County,,ON,,,,https://data-huron.opendata.arcgis.com/,,,,
,City of Kawartha Lakes,,ON,,,,https://open-data-kawartha.hub.arcgis.com/,,,,
,City of Kingston,,ON,,,,https://opendatakingston.cityofkingston.ca/,,,,
,City of Kitchener,,ON,,,,https://open-kitchenergis.opendata.arcgis.com/,,,,
,Lake Simco​e Region Conservation Authority,,ON,,,,https://lsrca-open-data-camaps.opendata.arcgis.com/,,,,
,County of Lambton,,ON,,,,https://county-lambton.opendata.arcgis.com/,,,,
,United Counties of Leeds and Grenville,,ON,,,,https://geohub-uclg.hub.arcgis.com/,,,,
,County of Lennox & Addington,,ON,,,,https://open-data-hub-lennoxaddington.hub.arcgis.com/,,,,
,City of London,,ON,,,,https://opendata.london.ca/,,,,
,City of Markham,,ON,,,,http://data-markham.opendata.arcgis.com/,,,,
,Municipality of McDougall,,ON,,,,https://mcdougall-hub-wpsgn.hub.arcgis.com/,,,,
,County of Middlesex,,ON,,,,https://data-middlesex.opendata.arcgis.com/,,,,
,Town of Milton,,ON,,,,https://discover-milton.hub.arcgis.com/,,,,
,City of Mississauga,,ON,,,,https://data.mississauga.ca/,,,,
,District Municipality of Muskoka,,ON,,,,https://map.muskoka.on.ca/,,,,
,Town of Newmarket,,ON,,,,https://navigate-newmarket.hub.arcgis.com/pages/open-data,,,,
,Regional Municipality of Niagara,,ON,,,,https://niagaraopendata.ca/,,,,
,City of Niagara Falls,,ON,,,,https://open.niagarafalls.ca/,,,,
,Norfolk County,,ON,,,,https://opendata.norfolkcounty.ca/,,,,
,City of North Bay,,ON,,,,https://data-northbaygis.hub.arcgis.com/,,,,
,Town of Oakville,,ON,,,,https://portal-exploreoakville.opendata.arcgis.com/,,,,
,Town of Orangeville,,ON,,,,https://data.orangeville.ca/,,,,
,City of Oshawa,,ON,,,,https://city-oshawa.opendata.arcgis.com/,,,,
,City of Ottawa,,ON,,,,https://open.ottawa.ca/,,,,
,Oxford County,,ON,,,,https://public-oxfordcounty.opendata.arcgis.com/,,,,
,Peel Region,,ON,,,,https://data.peelregion.ca/,,,,
,City of Peterborough,,ON,,,,https://data-ptbo.opendata.arcgis.com/,,,,
,City of Pickering,,ON,,,,https://opendata.pickering.ca/,,,,
,Quinte Conservation,,ON,,,,https://data.quinteconservation.ca/,,,,
,City of Quinte West,,ON,,,,https://geodata-quintewest.opendata.arcgis.com/,,,,
,City of Sarnia,,ON,,,,https://city-of-sarnia.hub.arcgis.com/,,,,
,Seguin Township,,ON,,,,https://seguin-data-hub-wpsgn.hub.arcgis.com/,,,,
,City of Sault Ste. Marie,,ON,,,,https://cityssm.github.io/,,,,
,County of Simcoe,,ON,,,,https://opengis.simcoe.ca/public/,,,,
,Town of Tecumseh,,ON,,,,https://tecumseh-essexcounty.opendata.arcgis.com/,,,,
,City of Thunder Bay,,ON,,,,https://opendata.thunderbay.ca/,,,,
,City of Toronto,,ON,,,,https://open.toronto.ca/,,,,
,Region of Waterloo,,ON,,,,https://rowopendata-rmw.opendata.arcgis.com/,,,,
,City of Waterloo,,ON,,,,https://data.waterloo.ca/,,,,
,City of Welland,,ON,,,,https://open.welland.ca/,,,,
,West Parry Sound Geography Network,,ON,,,,https://data-wpsgn.opendata.arcgis.com/,,,,
,Town of Whitby,,ON,,,,https://geohub-whitby.hub.arcgis.com/,,,,
,City of Windsor,,ON,,,,https://opendata.citywindsor.ca/,,,,
,Township of Woolwich,,ON,,,,https://woolwich-geohub-woolwich.hub.arcgis.com/,,,,
,York Region,,ON,,,,https://insights-york.opendata.arcgis.com/,,,,
,Government of Manitoba,province,MB,,,,https://geoportal.gov.mb.ca/,,,,
,City of Brandon,,MB,,,,http://opengov.brandon.ca/,,,,
,City of Winnipeg,,MB,,,,https://data.winnipeg.ca/,,,,
,Government of Saskatchewan,province,SK,,,,https://geohub.saskatchewan.ca/,,,,
,City of Regina,,SK,,,,https://openregina.ca/,,,,
,City of Saskatoon,,SK,,,,https://opendata.saskatoon.ca/,,,,
,Government of Alberta,province,AB,,,,https://open.alberta.ca/opendata,,,,
,City of Airdrie,,AB,,,,https://data-airdrie.opendata.arcgis.com/,,,,
,Town of Banff,,AB,,,,https://maps.banff.ca/opendata/,,,,
,City of Calgary,,AB,,,,https://data.calgary.ca/,,,,
,Calgary Metropolitan Region,,AB,,,,https://calgarymetroregion-cmrb.opendata.arcgis.com/,,,,
,Town of Canmore,,AB,,,,https://opendata-canmore.opendata.arcgis.com/,,,,
,City of Chestermere,,AB,,,,https://data-chestermere.opendata.arcgis.com/,,,,
,Town of Cochrane,,AB,,,,https://geohub.cochrane.ca/,,,,
,City of Edmonton,,AB,,,,https://data.edmonton.ca/,,,,
,County of Grande Prairie,,AB,,,,https://opendata.countygp.ab.ca/,,,,
,City of Grande Prairie,,AB,,,,https://opendata-cityofgp.hub.arcgis.com/,,,,
,Town of High River,,AB,,,,https://highriver-hrmdf.hub.arcgis.com/,,,,
,City of Lethbridge,,AB,,,,https://opendata.lethbridge.ca/,,,,
,City of Medicine Hat,,AB,,,,https://www.medicinehat.ca/en/business-and-development/maps-and-gis.aspx,,,,
,Town of Okotoks,,AB,,,,https://okotoksmaps-okotoks.hub.arcgis.com/pages/open-data-portal,,,,
,Parkland County,,AB,,,,https://opendata.parklandcounty.com/,,,,
,City of Red Deer,,AB,,,,https://data.reddeer.ca/datasets,,,,
,City of St. Albert,,AB,,,,https://data.stalbert.ca/,,,,
,Strathcona County,,AB,,,,https://data.strathcona.ca/,,,,
,Sturgeon County,,AB,,,,https://data-sturgeoncounty.opendata.arcgis.com/,,,,
,Government of British Columbia,province,BC,,,,https://catalogue.data.gov.bc.ca,,,,
,City of Abbotsford,,BC,,,,https://opendata-abbotsford.hub.arcgis.com/,,,,
,City of Burnaby,,BC,,,,https://data.burnaby.ca/,,,,
,Capital Regional District,,BC,,,,https://www.crd.bc.ca/about/data/geospatial-data,,,,
,City of Campbell River,,BC,,,,https://data-crcc.opendata.arcgis.com/,,,,
,Cariboo Regional District,,BC,,,,https://crd-true-consulting.hub.arcgis.com/,,,,
,City of Chilliwack,,BC,,,,https://www.chilliwack.com/main/page.cfm?id=2331,,,,
,City of Coquitlam,,BC,,,,https://data.coquitlam.ca/,,,,
,City of Courtenay,,BC,,,,https://data-courtenay.opendata.arcgis.com/,,,,
,Cowichan Valley Regional District,,BC,,,,https://cvrd.ca/3239/GIS-Downloads,,,,
,Columbia Shuswap Regional District,,BC,,,,https://data-csrd.opendata.arcgis.com/,,,,
,City of Cranbrook,,BC,,,,https://cranbrook-open-data-cranbrook.hub.arcgis.com/,,,,
,City of Delta,,BC,,,,https://www.delta.ca/city-hall/municipal-information/open-data-catalogue,,,,
,Regional District of East Kootenay,,BC,,,,https://data3-ca5c0-rdek.opendata.arcgis.com/,,,,
,Township of Esquimalt,,BC,,,,https://opendata.esquimalt.ca/,,,,
,Regional District of Fraser-Fort George,,BC,,,,https://www.rdffg.ca/node/383,,,,
,Town of Gibsons,,BC,,,,https://town-of-gibsons-open-data-portal-myscrd.hub.arcgis.com/,,,,
,City of Grand Forks,,BC,,,,https://opendata.grandforks.ca/,,,,
,City of Kamloops,,BC,,,,https://mydata-kamloops.opendata.arcgis.com/,,,,
,City of Kelowna,,BC,,,,https://opendata.kelowna.ca/,,,,
,District of Lake Country,,BC,,,,https://dlc-open-data-dlc.hub.arcgis.com/,,,,
,City of Langley,,BC,,,,https://data-langleycity.opendata.arcgis.com/,,,,
,Township of Langley,,BC,,,,https://data-tol.opendata.arcgis.com/,,,,
,City of Maple Ridge,,BC,,,,https://opengov.mapleridge.ca/,,,,
,City of Nanaimo,,BC,,,,https://www.nanaimo.ca/open-data-catalogue,,,,
,Regional District of Nanaimo,,BC,,,,https://www.rdn.bc.ca/spatial-data-files,,,,
,City of New Westminster,,BC,,,,https://opendata.newwestcity.ca/,,,,
,Municipality of North Cowichan,,BC,,,,https://www.northcowichan.ca/municipal-services/maps,,,,
,District of North Vancouver,,BC,,,,https://www.geoweb.dnv.org/data/,,,,
,Regional District of North Okanagan,,BC,,,,https://regional-district-of-north-okanagan-gis-open-data-site-rdnogis.hub.arcgis.com/,,,,
,Regional District Okanagan-Similkameen,,BC,,,,https://hub-rdos.opendata.arcgis.com/,,,,
,Regional District of Central Okanagan,,BC,,,,https://gis-rdco.hub.arcgis.com/pages/open-data,,,,
,City of Parksville,,BC,,,,https://city-of-parksville-city-parksville.hub.arcgis.com/,,,,
,District of Peachland,,BC,,,,https://peachland2017-01-16t194902237z-rdco.opendata.arcgis.com/,,,,
,City of Penticton,,BC,,,,https://open.penticton.ca/,,,,
,City of Port Coquitlam,,BC,,,,https://data-poco.hub.arcgis.com/,,,,
,City of Port Moody,,BC,,,,https://data.portmoody.ca/,,,,
,City of Prince George,,BC,,,,https://data-cityofpg.opendata.arcgis.com/,,,,
,District of Saanich,,BC,,,,https://opendata-saanich.hub.arcgis.com/,,,,
,District of Squamish,,BC,,,,https://data.squamish.ca/,,,,
,Strathcona Regional District,,BC,,,,https://data-strathconard.opendata.arcgis.com/,,,,
,District of Summerland,,BC,,,,https://open-data-summerland.hub.arcgis.com/,,,,
,Sunshine Coast Regional District,,BC,,,,https://data-myscrd.opendata.arcgis.com/,,,,
,City of Surrey,,BC,,,,https://data.surrey.ca/,,,,
,Thompson-Nicola Regional District,,BC,,,,https://my-tnrd.hub.arcgis.com/pages/opendata,,,,
,City of Vancouver,,BC,,,,https://opendata.vancouver.ca/pages/home/,,,,
,City of Vernon,,BC,,,,https://cov-open-data-vernon.hub.arcgis.com/,,,,
,City of Victoria,,BC,,,,https://opendata.victoria.ca/,,,,
,Westbank First Nation,,BC,,,,https://wfn-open-data-rdco.opendata.arcgis.com/,,,,
,The City of West Kelowna,,BC,,,,https://www.westkelownacity.ca/en/building-business-and-development/open-data.aspx,,,,
,District of West Vancouver,,BC,,,,https://westmap.westvancouver.ca/,,,,
,Resort Municipality of Whistler,,BC,,,,https://portal-rmow.opendata.arcgis.com/,,,,
,City of White Rock,,BC,,,,https://data.whiterockcity.ca/,,,,
,Government of Yukon,province,YT,,,,https://open.yukon.ca/data,,,,
,City of Whitehorse,,YT,,,,https://data.whitehorse.ca/,,,,
,Kluane First Nation,,YT,,,,https://lrh.kfn.ca/,,,,
,Government of the Northwest Territories,province,NT,,,,https://opendata.gov.nt.ca/,,,,
,City of Yellowknife,,NT,,,,https://opendata.yellowknife.ca/,,,,
,Government of Nunavut,province,NU,,,,https://gov.nu.ca/en,,,,
,Polar Data Catalogue,province,NU,,,,https://polardata.ca/,,,,
